[
  {
    "id": "1",
    "title": "Melons",
    "type": "fruit",
    "description": "Healthy fruits with vitamins",
    "filename": "0.jpg",
    "height": 600,
    "width": 400,
    "price": "28.13",
    "rating": 25,
    "emoji": "🍈",
    "rating_count": 10
  },
  {
    "id": "3",
    "title": "Green Apple",
    "type": "fruit",
    "description": "Green apple filled with vitamins",
    "filename": "2.jpg",
    "price": "20.39",
    "rating": 99,
    "emoji": "🍏",
    "rating_count": 3
  },
  {
    "id": "5",
    "title": "Cherries",
    "type": "fruit",
    "description": "Red cherries full of vitamins",
    "filename": "4.jpg",
    "height": 450,
    "width": 299,
    "price": "17.11",
    "rating": 312,
    "emoji": "🍒",
    "rating_count": 21
  },
  {
    "id": "6",
    "title": "Baking cake",
    "type": "dairy",
    "description": "Baking cake in rural kitchen - dough recipe ingredients (eggs, flour, sugar) on vintage wooden table from above.",
    "filename": "5.jpg",
    "price": "11.50",
    "rating": 8,
    "emoji": "🎂",
    "rating_count": 5
  },
  {
    "id": "7",
    "title": "Cocktail Glass",
    "type": "utensil",
    "description": "Cocktail glass for different occasions",
    "filename": "6.jpg",
    "height": 450,
    "width": 299,
    "price": "18.19",
    "rating": 9,
    "emoji": "🍸",
    "rating_count": 3
  },
  {
    "id": "8",
    "title": "Red Wine",
    "type": "Drinks",
    "description": "Red Wine glass for drinking wine",
    "filename": "7.jpg",
    "height": 450,
    "width": 301,
    "price": "27.35",
    "rating": 127,
    "emoji": "🍷",
    "rating_count": 59
  },
  {
    "id": "10",
    "title": "Lemon and salt",
    "type": "fruit",
    "description": "Rosemary, lemon and salt on the table",
    "filename": "9.jpg",
    "price": "20",
    "rating": 19,
    "emoji": "🍋",
    "rating_count": 6
  },
  {
    "id": "15",
    "title": "Chocolate Bar",
    "description": "Good for energy and stamina",
    "price": "30",
    "rating": 9,
    "type": "Breakfast",
    "emoji": "🍫",
    "rating_count": 3
  }
]
